{"version":"0.4","title":"standard section nombolo","type":"section","content":[{"id":"6beb4542","settings":{"structure":"20","stretch_section":"section-stretched","content_width":{"unit":"px","size":1140,"sizes":[]},"content_position":"middle","background_background":"gradient","background_color":"#104150","background_color_b":"#104150","height":"full","shape_divider_top":"mountains","shape_divider_top_width":{"unit":"%","size":100,"sizes":[]},"shape_divider_top_height":{"unit":"px","size":57,"sizes":[]},"shape_divider_bottom":"mountains","shape_divider_bottom_width":{"unit":"%","size":100,"sizes":[]},"shape_divider_bottom_height":{"unit":"px","size":94,"sizes":[]},"margin":{"unit":"px","top":"-72","right":0,"bottom":"0","left":0,"isLinked":false}},"elements":[{"id":"59af0f75","settings":{"_column_size":50,"_inline_size":null},"elements":[{"id":"68602cbf","settings":{"title":"About us","title_color":"#FFFFFF","_margin":{"unit":"px","top":"0","right":"0","bottom":"14","left":"0","isLinked":false}},"elements":[],"isInner":false,"widgetType":"heading","elType":"widget"},{"id":"3016207a","settings":{"editor":"<p>We are a diverse team of creatives and technologists based out of Portland, Oregon that want social media to be better.&nbsp; We believe in contextual two way communication that helps people get answers to their day to day questions while staying connected to the people and places they love.&nbsp;&nbsp;<\/p>","text_color":"rgba(255, 255, 255, 0.8)"},"elements":[],"isInner":false,"widgetType":"text-editor","elType":"widget"}],"isInner":false,"elType":"column"},{"id":"33a8846","settings":{"_column_size":50,"_inline_size":null},"elements":[{"id":"38ef8011","settings":{"video_type":"hosted","youtube_url":"https:\/\/www.youtube.com\/watch?v=XHOmBV4js_E","vimeo_url":"https:\/\/vimeo.com\/235215203","dailymotion_url":"https:\/\/www.dailymotion.com\/video\/x6tqhqb","hosted_url":{"url":"https:\/\/www.nombolo.com\/wp-content\/uploads\/2020\/06\/video-of-meeting.mp4","id":2748},"autoplay":"yes","play_on_mobile":"yes","mute":"yes","loop":"yes","controls":"","_border_radius":{"unit":"px","top":"8","right":"8","bottom":"8","left":"8","isLinked":true}},"elements":[],"isInner":false,"widgetType":"video","elType":"widget"}],"isInner":false,"elType":"column"}],"isInner":false,"elType":"section"}],"page_settings":{"hide_title":"yes","the7_document__background_below_slideshow":"disabled","the7_document_fancy_header_color_scheme":"light","the7_document_padding_top":{"size":"","unit":"px"},"the7_document_padding_right":{"size":"","unit":"px"},"the7_document_padding_bottom":{"size":"","unit":"px"},"the7_document_padding_left":{"size":"","unit":"px"},"the7_document_mobile_padding_top":{"size":"","unit":"px"},"the7_document_mobile_padding_right":{"size":"","unit":"px"},"the7_document_mobile_padding_bottom":{"size":"","unit":"px"},"the7_document_mobile_padding_left":{"size":"","unit":"px"},"the7_document_title":"disabled","the7_document_disabled_header_backgraund_color":"rgba(255,255,255,1)","the7_document_sidebar_position":"disabled"}}