{"version":"0.4","title":"iphone template","type":"section","content":[{"id":"19e9969a","settings":{"gap":"no","background_background":"video","background_video_link":"https:\/\/www.youtube.com\/watch?v=zvMTxHESz5g","background_play_on_mobile":"yes","border_radius":{"unit":"px","top":"27","right":"27","bottom":"27","left":"27","isLinked":true},"margin":{"unit":"px","top":"0","right":0,"bottom":"0","left":0,"isLinked":false},"padding":{"unit":"px","top":"0","right":"0","bottom":"0","left":"0","isLinked":true}},"elements":[{"id":"2e63157d","settings":{"_column_size":100,"_inline_size":null,"border_width":{"unit":"px","top":"0","right":"0","bottom":"0","left":"0","isLinked":true},"border_border":"solid","border_color":"#FFFFFF"},"elements":[{"id":"6cc42f67","settings":{"image":{"url":"https:\/\/www.nombolo.com\/wp-content\/uploads\/2020\/06\/iphone-frame-for-nombolo.png","id":2755},"image_size":"full","align":"center","width":{"unit":"%","size":100,"sizes":[]},"space":{"unit":"%","size":100,"sizes":[]},"opacity":{"unit":"px","size":1,"sizes":[]}},"elements":[],"isInner":false,"widgetType":"image","elType":"widget"}],"isInner":true,"elType":"column"}],"isInner":true,"elType":"section"}],"page_settings":{"hide_title":"yes","the7_document__background_below_slideshow":"disabled","the7_document_fancy_header_color_scheme":"light","the7_document_padding_top":{"size":"","unit":"px"},"the7_document_padding_right":{"size":"","unit":"px"},"the7_document_padding_bottom":{"size":"","unit":"px"},"the7_document_padding_left":{"size":"","unit":"px"},"the7_document_mobile_padding_top":{"size":"","unit":"px"},"the7_document_mobile_padding_right":{"size":"","unit":"px"},"the7_document_mobile_padding_bottom":{"size":"","unit":"px"},"the7_document_mobile_padding_left":{"size":"","unit":"px"},"the7_document_title":"disabled","the7_document_disabled_header_backgraund_color":"rgba(255,255,255,1)","the7_document_sidebar_position":"disabled"}}