{"version":"0.4","title":"new home for may","type":"page","content":[{"id":"113721b4","settings":{"stretch_section":"section-stretched","content_width":{"unit":"px","size":1240,"sizes":[]},"background_background":"gradient","background_color":"#104150","padding":{"unit":"px","top":"0","right":"0","bottom":"0","left":"0","isLinked":false},"background_image":{"url":"https:\/\/the7.io\/elementor-starter\/wp-content\/uploads\/sites\/60\/2019\/11\/bg-dev-studio-08.jpg","id":174},"background_size":"cover","background_overlay_background":"gradient","background_overlay_color":"rgba(0,0,0,0.75)","gap":"no","custom_height":{"unit":"vh","size":110,"sizes":[]},"background_slideshow_gallery":[{"id":174,"url":"https:\/\/the7.io\/elementor-starter\/wp-content\/uploads\/sites\/60\/2019\/11\/bg-dev-studio-08.jpg"},{"id":28,"url":"https:\/\/the7.io\/elementor-starter\/wp-content\/uploads\/sites\/60\/2019\/11\/7-bg-15.jpg"},{"id":29,"url":"https:\/\/the7.io\/elementor-starter\/wp-content\/uploads\/sites\/60\/2019\/11\/7-bg-25.jpg"},{"id":15,"url":"https:\/\/the7.io\/elementor-starter\/wp-content\/uploads\/sites\/60\/2019\/11\/7-bg-145.jpg"}],"background_slideshow_transition_duration":1000,"background_slideshow_ken_burns_zoom_direction":"out","background_overlay_color_b":"rgba(0,0,0,0.5)","background_overlay_color_b_stop":{"unit":"%","size":33,"sizes":[]},"background_overlay_opacity":{"unit":"px","size":1,"sizes":[]},"padding_tablet":{"unit":"%","top":"","right":"","bottom":"","left":"","isLinked":true},"content_position":"bottom","background_color_stop":{"unit":"%","size":35,"sizes":[]},"background_color_b":"#0E9298","background_color_b_stop":{"unit":"%","size":65,"sizes":[]},"margin":{"unit":"px","top":"0","right":0,"bottom":"0","left":0,"isLinked":false},"animation":"none","_title":"Hero","height":"min-height","shape_divider_bottom":"waves","shape_divider_bottom_width":{"unit":"%","size":100,"sizes":[]},"shape_divider_bottom_height":{"unit":"px","size":134,"sizes":[]},"shape_divider_bottom_flip":"yes","shape_divider_bottom_above_content":"yes","margin_mobile":{"unit":"px","top":"","right":0,"bottom":"","left":0,"isLinked":true}},"elements":[{"id":"19cf86c8","settings":{"_column_size":100,"_inline_size_tablet":100,"align_tablet":"center","margin_tablet":{"unit":"%","top":"0","right":"0","bottom":"0","left":"0","isLinked":false},"padding_tablet":{"unit":"%","top":"0","right":"0","bottom":"0","left":"0","isLinked":false},"background_background":"classic","margin":{"unit":"%","top":"0","right":"0","bottom":"0","left":"0","isLinked":false},"padding":{"unit":"px","top":"0","right":"0","bottom":"0","left":"0","isLinked":false},"_inline_size":null,"space_between_widgets":20},"elements":[{"id":"44ac4283","settings":{"structure":"20","gap":"extended","content_width":{"unit":"px","size":500,"sizes":[]},"padding":{"unit":"px","top":"0","right":"0","bottom":"0","left":"0","isLinked":false},"padding_tablet":{"unit":"px","top":"0","right":"0","bottom":"100","left":"0","isLinked":false},"padding_mobile":{"unit":"px","top":"0","right":"05","bottom":"80","left":"05","isLinked":false},"layout":"full_width","content_position":"bottom","margin":{"unit":"px","top":"0","right":0,"bottom":"0","left":0,"isLinked":false},"z_index":1,"margin_mobile":{"unit":"px","top":"150","right":0,"bottom":"0","left":0,"isLinked":false}},"elements":[{"id":"bbaa52f","settings":{"_column_size":50,"_inline_size":50,"padding_mobile":{"unit":"px","top":"0","right":"0","bottom":"20","left":"0","isLinked":false},"content_position":"center"},"elements":[{"id":"6cf5e330","settings":{"title":"Video that matters to you.","title_color":"rgba(255, 255, 255, 0.89)","typography_typography":"custom","typography_font_size":{"unit":"rem","size":3,"sizes":[]},"typography_font_weight":"500","_padding":{"unit":"px","top":"5","right":"5","bottom":"15","left":"5","isLinked":false},"typography_font_size_tablet":{"unit":"px","size":35,"sizes":[]},"typography_font_size_mobile":{"unit":"rem","size":1.8,"sizes":[]}},"elements":[],"isInner":false,"widgetType":"heading","elType":"widget"},{"id":"416b9f7a","settings":{"editor":""},"elements":[],"isInner":false,"widgetType":"text-editor","elType":"widget"},{"id":"3ca8f149","settings":{"editor":"<p>Post and request video of the places you want to see.<\/p>","text_color":"rgba(255, 255, 255, 0.89)","typography_typography":"custom","typography_font_size":{"unit":"rem","size":1.1,"sizes":[]},"typography_font_weight":"300","typography_letter_spacing":{"unit":"px","size":1.1,"sizes":[]},"text_columns":"1","column_gap":{"unit":"px","size":0,"sizes":[]},"_padding":{"unit":"px","top":"15","right":"5","bottom":"15","left":"05","isLinked":false},"typography_font_size_tablet":{"unit":"px","size":14,"sizes":[]},"typography_font_size_mobile":{"unit":"px","size":13,"sizes":[]}},"elements":[],"isInner":false,"widgetType":"text-editor","elType":"widget"},{"id":"63dba969","settings":{"text":"Request Beta Access","size":"lg","background_color":"rgba(2, 1, 1, 0)","hover_color":"#000000","button_background_hover_color":"#FFFFFF","border_border":"solid","border_width":{"unit":"px","top":"1","right":"1","bottom":"1","left":"1","isLinked":true},"border_radius":{"unit":"px","top":"0","right":"0","bottom":"0","left":"0","isLinked":true},"link":{"url":"#beta","is_external":"","nofollow":""}},"elements":[],"isInner":false,"widgetType":"button","elType":"widget"}],"isInner":true,"elType":"column"},{"id":"5b5fc7b9","settings":{"_column_size":50,"_inline_size":50,"padding_mobile":{"unit":"px","top":"0","right":"0","bottom":"0","left":"0","isLinked":false},"content_position":"bottom","padding":{"unit":"px","top":"0","right":"0","bottom":"0","left":"0","isLinked":false},"space_between_widgets":20},"elements":[{"id":"54603bed","settings":{"image":{"url":"https:\/\/www.nombolo.com\/wp-content\/uploads\/2020\/05\/nombolo_app_tilt.png","id":2670},"image_size":"full","_z_index":2,"width":{"unit":"%","size":78,"sizes":[]},"space":{"unit":"%","size":100,"sizes":[]},"_padding":{"unit":"px","top":"100","right":"20","bottom":"00","left":"0","isLinked":false}},"elements":[],"isInner":false,"widgetType":"image","elType":"widget"}],"isInner":true,"elType":"column"}],"isInner":true,"elType":"section"}],"isInner":false,"elType":"column"}],"isInner":false,"elType":"section"},{"id":"2141e86f","settings":[],"elements":[{"id":"4b51685a","settings":{"_column_size":100,"_inline_size":null},"elements":[{"id":"74fc0b1d","settings":{"anchor":"Learn-more"},"elements":[],"isInner":false,"widgetType":"menu-anchor","elType":"widget"}],"isInner":false,"elType":"column"}],"isInner":false,"elType":"section"},{"id":"3289b9","settings":{"content_width":{"unit":"px","size":1240,"sizes":[]},"structure":"20","_title":"Discover","shape_divider_bottom_color":"rgba(2, 1, 1, 0.6)","shape_divider_bottom_width":{"unit":"%","size":194,"sizes":[]},"shape_divider_bottom_height":{"unit":"px","size":65,"sizes":[]},"shape_divider_bottom_above_content":"yes","margin":{"unit":"px","top":"40","right":0,"bottom":"40","left":0,"isLinked":true},"padding":{"unit":"%","top":"2","right":"2","bottom":"2","left":"2","isLinked":true},"_element_id":"discover"},"elements":[{"id":"1049b54c","settings":{"_column_size":50,"_inline_size":null,"content_position":"center","animation":"fadeInUp"},"elements":[{"id":"6c3a959f","settings":{"title":"Post geotagged questions to the community","header_size":"h3","_animation":"fadeIn","align":"right","align_mobile":"center","_padding":{"unit":"px","top":"5","right":"5","bottom":"5","left":"5","isLinked":true}},"elements":[],"isInner":false,"widgetType":"heading","elType":"widget"},{"id":"bd39cc0","settings":{"editor":"<p>Find out exactly what anyplace you may want to go is like before leaving the comfort of your home.\u00a0\u00a0<\/p>","align":"right","align_mobile":"center","_padding":{"unit":"px","top":"5","right":"5","bottom":"5","left":"5","isLinked":true}},"elements":[],"isInner":false,"widgetType":"text-editor","elType":"widget"}],"isInner":false,"elType":"column"},{"id":"6e22d472","settings":{"_column_size":50,"_inline_size":null},"elements":[{"id":"405445a0","settings":{"image":{"url":"https:\/\/www.nombolo.com\/wp-content\/uploads\/2020\/05\/Explore-map-4-Edited.png","id":2687},"image_size":"full","_animation":"fadeInRight","_padding":{"unit":"%","top":"2","right":"2","bottom":"2","left":"2","isLinked":true},"align_mobile":"center","image_custom_dimension":{"width":"350","height":""},"width":{"unit":"%","size":80,"sizes":[]},"image_border_radius":{"unit":"px","top":"8","right":"8","bottom":"8","left":"8","isLinked":true}},"elements":[],"isInner":false,"widgetType":"image","elType":"widget"}],"isInner":false,"elType":"column"}],"isInner":false,"elType":"section"},{"id":"4e2afd8b","settings":{"content_width":{"unit":"px","size":1240,"sizes":[]},"structure":"20","_title":"Share","margin":{"unit":"px","top":"40","right":0,"bottom":"40","left":0,"isLinked":true},"padding":{"unit":"%","top":"2","right":"2","bottom":"2","left":"2","isLinked":true},"reverse_order_mobile":"reverse-mobile"},"elements":[{"id":"d0667dd","settings":{"_column_size":50,"_inline_size":null,"content_position":"center","animation":"fadeInLeft"},"elements":[{"id":"1b86043b","settings":{"image":{"url":"https:\/\/www.nombolo.com\/wp-content\/uploads\/2020\/05\/View-Experience-3-Edited.png","id":2686},"image_size":"full","width":{"unit":"%","size":80,"sizes":[]},"image_border_radius":{"unit":"px","top":"8","right":"8","bottom":"8","left":"8","isLinked":true}},"elements":[],"isInner":false,"widgetType":"image","elType":"widget"}],"isInner":false,"elType":"column"},{"id":"23306ad7","settings":{"_column_size":50,"_inline_size":null,"content_position":"center","animation":"fadeInUp"},"elements":[{"id":"23b869ff","settings":{"title":"Create video that helps","header_size":"h3","align":"left","align_mobile":"center","_margin":{"unit":"px","top":"0","right":"0","bottom":"0","left":"0","isLinked":true},"_padding":{"unit":"px","top":"5","right":"5","bottom":"5","left":"5","isLinked":true}},"elements":[],"isInner":false,"widgetType":"heading","elType":"widget"},{"id":"582a3d69","settings":{"align_mobile":"center","editor":"<p>Answer questions with video replies.\u00a0 Quickly show things like how busy the grocery store is, how many people are at the park, crowds at the beach, and more when you are out and about.<\/p>","_padding":{"unit":"px","top":"5","right":"5","bottom":"5","left":"5","isLinked":true}},"elements":[],"isInner":false,"widgetType":"text-editor","elType":"widget"}],"isInner":false,"elType":"column"}],"isInner":false,"elType":"section"},{"id":"4b9ce3b4","settings":{"_title":"beta","z_index":1,"margin":{"unit":"px","top":"0","right":0,"bottom":"0","left":0,"isLinked":false},"background_background":"gradient","background_color":"#03464A","background_color_b":"#0E9298","background_overlay_background":"gradient","background_overlay_color":"rgba(3, 70, 74, 0)","background_overlay_color_b":"rgba(3, 70, 74, 0)","box_shadow_box_shadow_type":"yes","box_shadow_box_shadow":{"horizontal":0,"vertical":0,"blur":0,"spread":0,"color":"rgba(0,0,0,0.5)"},"padding":{"unit":"px","top":"0","right":"5","bottom":"90","left":"5","isLinked":false},"shape_divider_top":"mountains","layout":"full_width","stretch_section":"section-stretched"},"elements":[{"id":"4a2d158d","settings":{"_column_size":100,"_inline_size":null,"background_background":"classic","background_color":"rgba(3, 70, 74, 0)","box_shadow_box_shadow_type":"yes","box_shadow_box_shadow":{"horizontal":0,"vertical":0,"blur":0,"spread":9,"color":"rgba(255, 255, 255, 0)"},"margin":{"unit":"px","top":"108","right":"20","bottom":"20","left":"20","isLinked":false},"padding":{"unit":"px","top":"20","right":"20","bottom":"20","left":"20","isLinked":true},"_title":"Column","z_index":1,"align":"center","padding_mobile":{"unit":"px","top":"0","right":"0","bottom":"0","left":"0","isLinked":true}},"elements":[{"id":"3291c6d3","settings":{"anchor":"beta"},"elements":[],"isInner":false,"widgetType":"menu-anchor","elType":"widget"},{"id":"7a412dcd","settings":{"title":"Request beta access.","align":"center","typography_typography":"custom","typography_font_weight":"500","_padding":{"unit":"em","top":"1","right":"1","bottom":"1","left":"1","isLinked":false},"_margin":{"unit":"px","top":"20","right":"0","bottom":"0","left":"0","isLinked":false},"title_color":"#FFFFFF","typography_font_size_mobile":{"unit":"em","size":1.8,"sizes":[]}},"elements":[],"isInner":false,"widgetType":"heading","elType":"widget"},{"id":"7f9527db","settings":{"editor":"<p>Sign up below to become one of the original members of the Nombolo community.\u00a0\u00a0<\/p>","align":"center","text_color":"#D7D7D7"},"elements":[],"isInner":false,"widgetType":"text-editor","elType":"widget"},{"id":"6ffc4190","settings":{"_margin":{"unit":"%","top":"2","right":"15","bottom":"2","left":"15","isLinked":false},"_padding":{"unit":"em","top":"01","right":"01","bottom":"01","left":"01","isLinked":true},"shortcode":"[wpforms id=\"2616\" title=\"false\" description=\"false\"]","_margin_tablet":{"unit":"px","top":"0","right":"0","bottom":"0","left":"0","isLinked":true},"_margin_mobile":{"unit":"px","top":"0","right":"0","bottom":"0","left":"0","isLinked":true},"_padding_tablet":{"unit":"em","top":"","right":"","bottom":"","left":"","isLinked":true},"_padding_mobile":{"unit":"em","top":"1","right":"1","bottom":"1","left":"1","isLinked":true}},"elements":[],"isInner":false,"widgetType":"shortcode","elType":"widget"}],"isInner":false,"elType":"column"}],"isInner":false,"elType":"section"}],"page_settings":{"the7_document_title":"disabled","the7_document_disabled_header_style":"transparent","the7_document_disabled_header_color_scheme":"light","the7_document_disabled_header_top_bar_color":"rgba(255,255,255,0)","the7_document_disabled_header_backgraund_color":"rgba(0,0,0,0)","the7_document__background_below_slideshow":"disabled","the7_document_fancy_header_color_scheme":"light","the7_document_sidebar_position":"disabled","the7_document_padding_top":{"size":"0","unit":"px"},"the7_document_padding_right":{"size":"0","unit":"px"},"the7_document_padding_bottom":{"size":"0","unit":"px"},"the7_document_padding_left":{"size":"0","unit":"px"},"the7_document_mobile_padding_top":{"size":"0","unit":"px"},"the7_document_mobile_padding_right":{"size":"0","unit":"px"},"the7_document_mobile_padding_bottom":{"size":"0","unit":"px"},"the7_document_mobile_padding_left":{"size":"0","unit":"px"},"the7_document_margin_top":{"unit":"px","size":"0","sizes":[]},"the7_document_margin_bottom":{"unit":"px","size":"0","sizes":[]},"the7_document_margin_right":{"unit":"px","size":"0","sizes":[]},"the7_document_margin_left":{"unit":"px","size":"0","sizes":[]}}}