{"version":"0.4","title":"title-area","type":"section","content":[{"id":"bc4819","settings":{"stretch_section":"section-stretched","content_width":{"unit":"px","size":1600,"sizes":[]},"background_background":"classic","background_color":"#000000","padding":{"unit":"px","top":"140","right":"0","bottom":"80","left":"0","isLinked":false},"height":"min-height","content_position":"middle","background_image":{"url":"https:\/\/the7.io\/elementor-starter\/wp-content\/uploads\/sites\/60\/2019\/11\/bg-dev-studio-05.jpg","id":173},"background_size":"cover","background_overlay_background":"classic","background_overlay_color":"#000000","custom_height":{"unit":"px","size":"","sizes":[]},"margin":{"unit":"px","top":"","right":0,"bottom":"","left":0,"isLinked":true}},"elements":[{"id":"56b48748","settings":{"_column_size":100},"elements":[{"id":"1ccb6ba6","settings":{"gap":"wide","content_width":{"unit":"px","size":500,"sizes":[]}},"elements":[{"id":"77d03629","settings":{"_column_size":100,"_inline_size":null,"space_between_widgets":0,"space_between_widgets_tablet":0},"elements":[{"id":"680bc4b9","settings":{"title":"About Company","align":"center","_margin":{"unit":"px","top":"0","right":"0","bottom":"10","left":"0","isLinked":false},"title_color":"#ffffff","typography_typography":"custom","typography_font_size":{"unit":"px","size":52,"sizes":[]},"typography_font_weight":"700","typography_line_height":{"unit":"px","size":62,"sizes":[]},"typography_font_size_tablet":{"unit":"px","size":42,"sizes":[]},"typography_font_size_mobile":{"unit":"px","size":34,"sizes":[]},"typography_line_height_tablet":{"unit":"px","size":"","sizes":[]},"typography_line_height_mobile":{"unit":"px","size":44,"sizes":[]}},"elements":[],"isInner":false,"widgetType":"heading","elType":"widget"},{"id":"4889ce7a","settings":{"width":{"unit":"px","size":200,"sizes":[]},"align":"center","text":"Divider","color":"#61ce70","weight":{"unit":"px","size":4,"sizes":[]},"gap":{"unit":"px","size":2,"sizes":[]},"_margin":{"unit":"px","top":"0","right":"0","bottom":"30","left":"0","isLinked":false}},"elements":[],"isInner":false,"widgetType":"divider","elType":"widget"},{"id":"1a2d5eed","settings":{"title":"The Seven - who we are &amp; what we do","align":"center","_margin":{"unit":"px","top":"0","right":"0","bottom":"0","left":"0","isLinked":false},"header_size":"h4","title_color":"#ffffff","typography_typography":"custom","typography_font_size":{"unit":"px","size":24,"sizes":[]},"typography_font_weight":"400","typography_line_height":{"unit":"px","size":34,"sizes":[]},"typography_font_size_tablet":{"unit":"px","size":20,"sizes":[]},"typography_font_size_mobile":{"unit":"px","size":18,"sizes":[]},"typography_line_height_tablet":{"unit":"px","size":"","sizes":[]},"typography_line_height_mobile":{"unit":"px","size":28,"sizes":[]}},"elements":[],"isInner":false,"widgetType":"heading","elType":"widget"}],"isInner":true,"elType":"column"}],"isInner":true,"elType":"section"}],"isInner":false,"elType":"column"}],"isInner":false,"elType":"section"}],"page_settings":{"the7_document_title":"disabled","the7_document_disabled_header_style":"transparent","the7_document_disabled_header_color_scheme":"light","the7_document_disabled_header_top_bar_color":"rgba(255,255,255,0)","the7_document_disabled_header_backgraund_color":"rgba(0,0,0,0)","the7_document_sidebar_position":"disabled","the7_document_margin_top":{"unit":"px","size":"0","sizes":[]},"the7_document_margin_right":{"unit":"px","size":"0","sizes":[]},"the7_document_margin_bottom":{"unit":"px","size":"0","sizes":[]},"the7_document_margin_left":{"unit":"px","size":"0","sizes":[]}}}