{"version":"0.4","title":"hero-slideshow","type":"section","content":[{"id":"5f588942","settings":{"stretch_section":"section-stretched","content_width":{"unit":"px","size":600,"sizes":[]},"background_background":"slideshow","background_color":"#000000","padding":{"unit":"px","top":"0","right":"0","bottom":"0","left":"0","isLinked":false},"height":"min-height","background_image":{"url":"https:\/\/the7.io\/elementor-starter\/wp-content\/uploads\/sites\/60\/2019\/11\/bg-dev-studio-08.jpg","id":174},"background_size":"cover","background_overlay_background":"gradient","background_overlay_color":"rgba(0,0,0,0.75)","gap":"no","layout":"full_width","custom_height":{"unit":"vh","size":100,"sizes":[]},"background_slideshow_gallery":[{"id":174,"url":"https:\/\/the7.io\/elementor-starter\/wp-content\/uploads\/sites\/60\/2019\/11\/bg-dev-studio-08.jpg"},{"id":28,"url":"https:\/\/the7.io\/elementor-starter\/wp-content\/uploads\/sites\/60\/2019\/11\/7-bg-15.jpg"},{"id":29,"url":"https:\/\/the7.io\/elementor-starter\/wp-content\/uploads\/sites\/60\/2019\/11\/7-bg-25.jpg"},{"id":15,"url":"https:\/\/the7.io\/elementor-starter\/wp-content\/uploads\/sites\/60\/2019\/11\/7-bg-145.jpg"}],"background_slideshow_transition_duration":1000,"background_slideshow_ken_burns_zoom_direction":"out","background_overlay_color_b":"rgba(0,0,0,0.5)","background_overlay_color_b_stop":{"unit":"%","size":33,"sizes":[]},"background_overlay_opacity":{"unit":"px","size":1,"sizes":[]},"padding_tablet":{"unit":"%","top":"","right":"","bottom":"","left":"","isLinked":true}},"elements":[{"id":"fa6eb5e","settings":{"_column_size":100,"_inline_size_tablet":100,"align_tablet":"center","margin_tablet":{"unit":"%","top":"","right":"","bottom":"","left":"","isLinked":false},"padding_tablet":{"unit":"%","top":"0","right":"10","bottom":"0","left":"10","isLinked":false},"background_background":"classic","margin":{"unit":"%","top":"","right":"","bottom":"","left":"","isLinked":false},"padding":{"unit":"px","top":"0","right":"0","bottom":"0","left":"0","isLinked":false}},"elements":[{"id":"7a943ef0","settings":{"gap":"extended","content_width":{"unit":"px","size":700,"sizes":[]},"background_background":"classic","padding":{"unit":"px","top":"100","right":"0","bottom":"0","left":"0","isLinked":false},"padding_tablet":{"unit":"px","top":"100","right":"0","bottom":"0","left":"0","isLinked":false},"padding_mobile":{"unit":"px","top":"80","right":"0","bottom":"0","left":"0","isLinked":false}},"elements":[{"id":"4d3dd1d9","settings":{"_column_size":100,"_inline_size":null,"background_background":"classic","padding":{"unit":"%","top":"","right":"","bottom":"","left":"","isLinked":false}},"elements":[{"id":"30ae1945","settings":{"title":"Hi! Welcome to","align":"center","_margin":{"unit":"px","top":"0","right":"0","bottom":"33","left":"0","isLinked":false},"title_color":"#61ce70","typography_typography":"custom","typography_font_size":{"unit":"px","size":48,"sizes":[]},"typography_line_height":{"unit":"px","size":"","sizes":[]},"typography_font_size_tablet":{"unit":"px","size":38,"sizes":[]},"typography_font_size_mobile":{"unit":"px","size":24,"sizes":[]},"_margin_tablet":{"unit":"px","top":"0","right":"0","bottom":"23","left":"0","isLinked":false}},"elements":[],"isInner":false,"widgetType":"heading","elType":"widget"},{"id":"2abf0523","settings":{"title":"SEVEN","align":"center","title_color":"#ffffff","typography_typography":"custom","typography_font_size":{"unit":"px","size":160,"sizes":[]},"typography_font_weight":"700","typography_line_height":{"unit":"px","size":160,"sizes":[]},"typography_font_size_tablet":{"unit":"px","size":150,"sizes":[]},"typography_font_size_mobile":{"unit":"px","size":76,"sizes":[]},"typography_line_height_tablet":{"unit":"px","size":160,"sizes":[]},"typography_line_height_mobile":{"unit":"px","size":80,"sizes":[]},"_margin_tablet":{"unit":"%","top":"","right":"","bottom":"","left":"","isLinked":true},"typography_letter_spacing":{"unit":"px","size":0.5,"sizes":[]}},"elements":[],"isInner":false,"widgetType":"heading","elType":"widget"},{"id":"4b178bee","settings":{"title":"ELEMENTOR DEMO","align":"center","title_color":"#ffffff","typography_typography":"custom","typography_font_size":{"unit":"px","size":56,"sizes":[]},"typography_font_weight":"700","typography_line_height":{"unit":"px","size":60,"sizes":[]},"typography_font_size_tablet":{"unit":"px","size":50,"sizes":[]},"typography_font_size_mobile":{"unit":"px","size":26,"sizes":[]},"typography_line_height_tablet":{"unit":"px","size":54,"sizes":[]},"typography_line_height_mobile":{"unit":"px","size":28,"sizes":[]},"typography_letter_spacing":{"unit":"px","size":0.5,"sizes":[]},"typography_letter_spacing_tablet":{"unit":"px","size":1,"sizes":[]},"typography_letter_spacing_mobile":{"unit":"px","size":1,"sizes":[]}},"elements":[],"isInner":false,"widgetType":"heading","elType":"widget"},{"id":"273c3217","settings":{"title":"We craft innovative high end digital solutions\nfor clients worldwide.","align":"center","_margin":{"unit":"px","top":"35","right":"0","bottom":"23","left":"0","isLinked":false},"header_size":"h4","title_color":"#ffffff","typography_typography":"custom","typography_font_size":{"unit":"px","size":34,"sizes":[]},"typography_font_weight":"500","typography_line_height":{"unit":"px","size":46,"sizes":[]},"typography_font_size_tablet":{"unit":"px","size":28,"sizes":[]},"typography_font_size_mobile":{"unit":"px","size":20,"sizes":[]},"typography_line_height_tablet":{"unit":"px","size":38,"sizes":[]},"typography_line_height_mobile":{"unit":"px","size":30,"sizes":[]},"_margin_tablet":{"unit":"px","top":"25","right":"0","bottom":"13","left":"0","isLinked":false},"_margin_mobile":{"unit":"px","top":"25","right":"0","bottom":"20","left":"0","isLinked":false}},"elements":[],"isInner":false,"widgetType":"heading","elType":"widget"}],"isInner":true,"elType":"column"}],"isInner":true,"elType":"section"},{"id":"71bba103","settings":{"structure":"20","gap":"extended","content_width":{"unit":"px","size":520,"sizes":[]},"padding":{"unit":"px","top":"0","right":"0","bottom":"100","left":"0","isLinked":false},"padding_tablet":{"unit":"px","top":"0","right":"0","bottom":"100","left":"0","isLinked":false},"padding_mobile":{"unit":"px","top":"0","right":"20","bottom":"80","left":"20","isLinked":false}},"elements":[{"id":"398f637","settings":{"_column_size":50,"_inline_size":50,"padding_mobile":{"unit":"px","top":"0","right":"0","bottom":"20","left":"0","isLinked":false}},"elements":[{"id":"2c53079a","settings":{"text":"View  portfolio","size":"md","selected_icon":{"value":"fas fa-briefcase","library":"fa-solid"},"icon_align":"right","typography_typography":"custom","typography_font_weight":"700","button_text_color":"#ffffff","background_color":"#61ce70","hover_color":"#ffffff","button_background_hover_color":"#23a455","border_radius":{"unit":"px","top":"0","right":"0","bottom":"0","left":"0","isLinked":true},"text_padding":{"unit":"px","top":"18","right":"24","bottom":"16","left":"24","isLinked":false},"align":"justify","typography_font_size":{"unit":"px","size":16,"sizes":[]},"typography_line_height":{"unit":"px","size":16,"sizes":[]},"_margin":{"unit":"px","top":"0","right":"0","bottom":"0","left":"0","isLinked":false},"link":{"url":"\/elementor-starter\/portfolio\/","is_external":"","nofollow":""}},"elements":[],"isInner":false,"widgetType":"button","elType":"widget"}],"isInner":true,"elType":"column"},{"id":"398d1464","settings":{"_column_size":50,"_inline_size":50,"padding_mobile":{"unit":"px","top":"0","right":"0","bottom":"0","left":"0","isLinked":false}},"elements":[{"id":"69b21acc","settings":{"text":"Contact us","size":"md","selected_icon":{"value":"fas fa-envelope","library":"fa-solid"},"icon_align":"right","typography_typography":"custom","typography_font_weight":"700","button_text_color":"#ffffff","background_color":"#61ce70","hover_color":"#ffffff","button_background_hover_color":"#23a455","border_radius":{"unit":"px","top":"0","right":"0","bottom":"0","left":"0","isLinked":true},"text_padding":{"unit":"px","top":"18","right":"24","bottom":"16","left":"24","isLinked":false},"align":"justify","typography_font_size":{"unit":"px","size":16,"sizes":[]},"typography_line_height":{"unit":"px","size":16,"sizes":[]},"_margin":{"unit":"px","top":"0","right":"0","bottom":"0","left":"0","isLinked":false},"link":{"url":"\/elementor-starter\/contact\/","is_external":"","nofollow":""}},"elements":[],"isInner":false,"widgetType":"button","elType":"widget"}],"isInner":true,"elType":"column"}],"isInner":true,"elType":"section"}],"isInner":false,"elType":"column"}],"isInner":false,"elType":"section"}],"page_settings":{"the7_document_title":"disabled","the7_document_disabled_header_style":"transparent","the7_document_disabled_header_color_scheme":"light","the7_document_disabled_header_top_bar_color":"rgba(255,255,255,0)","the7_document_disabled_header_backgraund_color":"rgba(0,0,0,0)","the7_document_sidebar_position":"disabled","the7_document_margin_top":{"unit":"px","size":"0","sizes":[]},"the7_document_margin_right":{"unit":"px","size":"0","sizes":[]},"the7_document_margin_bottom":{"unit":"px","size":"0","sizes":[]},"the7_document_margin_left":{"unit":"px","size":"0","sizes":[]}}}