{"version":"0.4","title":"testimonial-inner-page","type":"page","content":[{"id":"47ab9276","settings":{"stretch_section":"section-stretched","gap":"wider","structure":"30","background_background":"classic","background_color":"rgba(0,0,0,0.04)","margin":{"unit":"px","top":"","right":0,"bottom":"","left":0,"isLinked":true},"padding":{"unit":"px","top":"50","right":"0","bottom":"50","left":"0","isLinked":false}},"elements":[{"id":"40765db6","settings":{"_column_size":33,"_inline_size":25,"padding":{"unit":"px","top":"40","right":"30","bottom":"30","left":"30","isLinked":false}},"elements":[],"isInner":false,"elType":"column"},{"id":"490577bb","settings":{"_column_size":33,"_inline_size":49.332},"elements":[{"id":"3807ad47","settings":{"image":{"url":"https:\/\/the7.io\/elementor-starter\/wp-content\/uploads\/sites\/60\/2019\/11\/7-opr-003.jpg","id":137},"image_size":"custom","image_custom_dimension":{"width":"200","height":"200"},"align":"center","image_border_radius":{"unit":"px","top":"300","right":"300","bottom":"300","left":"300","isLinked":true},"_margin":{"unit":"px","top":"0","right":"0","bottom":"30","left":"0","isLinked":false}},"elements":[],"isInner":false,"widgetType":"image","elType":"widget"},{"id":"261d5c4b","settings":{"editor":"<!-- wp:paragraph -->\n<p>Lacus fringilla sem - dolor cras quis eleifend purus. In quis congue felis, sit amet mollis ligula pulvinar enim ut rhoncus faucibus. Cras quis eleifend purus. In quis congue felis, sit amet mollis ligula amet.<\/p>\n<!-- \/wp:paragraph -->","align":"center","typography_typography":"custom","typography_font_size":{"unit":"px","size":20,"sizes":[]},"typography_font_size_tablet":{"unit":"px","size":18,"sizes":[]},"typography_font_size_mobile":{"unit":"px","size":16,"sizes":[]},"typography_font_style":"italic","typography_line_height":{"unit":"px","size":32,"sizes":[]},"typography_line_height_tablet":{"unit":"px","size":"","sizes":[]},"typography_line_height_mobile":{"unit":"px","size":28,"sizes":[]},"_margin":{"unit":"px","top":"0","right":"0","bottom":"30","left":"0","isLinked":false}},"elements":[],"isInner":false,"widgetType":"text-editor","elType":"widget"},{"id":"7735fd09","settings":{"title":"John Doe","align":"center","typography_typography":"custom","typography_font_size":{"unit":"px","size":24,"sizes":[]},"typography_line_height":{"unit":"px","size":"","sizes":[]},"_margin":{"unit":"px","top":"0","right":"0","bottom":"5","left":"0","isLinked":false}},"elements":[],"isInner":false,"widgetType":"heading","elType":"widget"},{"id":"2a1c2597","settings":{"title":"regular customer","align":"center","title_color":"#61ce70","typography_typography":"custom","typography_font_size":{"unit":"px","size":16,"sizes":[]},"typography_line_height":{"unit":"px","size":28,"sizes":[]}},"elements":[],"isInner":false,"widgetType":"heading","elType":"widget"}],"isInner":false,"elType":"column"},{"id":"735d98ef","settings":{"_column_size":33,"_inline_size":25},"elements":[],"isInner":false,"elType":"column"}],"isInner":false,"elType":"section"}],"page_settings":{"the7_document_title":"disabled","the7_document_disabled_header_color_scheme":"light","the7_document_sidebar_position":"disabled","the7_document_margin_top":{"unit":"px","size":"0","sizes":[]},"the7_document_margin_right":{"unit":"px","size":"0","sizes":[]},"the7_document_margin_bottom":{"unit":"px","size":"0","sizes":[]},"the7_document_margin_left":{"unit":"px","size":"0","sizes":[]}}}