{"version":"0.4","title":"Policy","type":"page","content":[{"id":"3408dfca","settings":{"content_width":{"unit":"px","size":950,"sizes":[]}},"elements":[{"id":"d41e5ae","settings":{"_column_size":100},"elements":[{"id":"4d4d93d0","settings":{"editor":"<h1>Privacy Policy<\/h1>\n<p>\u00a0<\/p>\n<p><span style=\"word-spacing: normal;\">Nombolo Inc. is a software company that has built Nombolo ( a mobile application) which is an app that provides a fast easy way to share your experiences and find out what is happening in the places around you.\u00a0 This privacy policy pertains to both the Nombolo mobile application and the Nombolo website www.nombolo.com<\/span><\/p>\n<p><span style=\"font-weight: 400;\">When you use Nombolo, you\u2019ll share some information with us. In the following document we will go over how we use your information, whom we share it with, and the controls we provide for you to access, update, and delete your information.<\/span><\/p>\n<h3><b>Information We Collect<\/b><\/h3>\n<p><span style=\"font-weight: 400;\">There are three basic categories of information we collect:<\/span><\/p>\n<ul>\n<li style=\"font-weight: 400;\"><span style=\"font-weight: 400;\">Information you provide.<\/span><\/li>\n<li style=\"font-weight: 400;\"><span style=\"font-weight: 400;\">Information we get when you use our services.<\/span><\/li>\n<li style=\"font-weight: 400;\"><span style=\"font-weight: 400;\">Information we get from third parties.<\/span><\/li>\n<\/ul>\n<h3><b>Information You Provide<\/b><\/h3>\n<p><span style=\"font-weight: 400;\">When you interact with Nombolo, we collect information that you provide to us. For example, when you set up a Nombolo account, we will collect a few important details, such as your name, username, password, email address, phone number, and date of birth.\u00a0 Also any information that you provide while setting up your profile including pictures and text will be collected.<\/span><\/p>\n<p><span style=\"font-weight: 400;\">Any information you send through our app, such as video and text will be stored in our database.\u00a0 It is your responsibility to determine what content you upload. Don\u2019t send messages or share content that you wouldn\u2019t want someone to save or share.<\/span><\/p>\n<p><span style=\"font-weight: 400;\">In addition, when you contact customer support or communicate with us in any other way, we\u2019ll collect whatever information you provide and\/or that we need to resolve your question.<\/span><\/p>\n<h3><b>Information We Get When You Use Nombolo<\/b><\/h3>\n<p><span style=\"font-weight: 400;\">When you use Nombolo, we collect information about how you\u2019ve used the app. For example, we may know things like have you watched a particular video or visited a particular location. Below is a more complete explanation of the types of information we collect when you use Nombolo:<\/span><\/p>\n<ul>\n<li style=\"font-weight: 400;\"><span style=\"font-weight: 400;\">Usage Information. We collect information about your activity through our services. For example, we may collect information about:<\/span>\n<ul>\n<li style=\"font-weight: 400;\"><span style=\"font-weight: 400;\">how you interact with our app, such as what videos you watch and what types of information you ask to view and the queries associated with.<\/span><\/li>\n<li style=\"font-weight: 400;\"><span style=\"font-weight: 400;\">how you communicate with other Nombolo users and places, such as names, the time and date of your communications, the number of messages.<\/span><\/li>\n<\/ul>\n<\/li>\n<li style=\"font-weight: 400;\"><span style=\"font-weight: 400;\">Content Information. We collect content you create on Nombolo, such as videos, how often your content is viewed, and who views it.<\/span><\/li>\n<li style=\"font-weight: 400;\"><span style=\"font-weight: 400;\">Device Information. We collect information from and about the devices you use. For example, we collect:<\/span>\n<ul>\n<li style=\"font-weight: 400;\"><span style=\"font-weight: 400;\">information about your hardware and software, such as the hardware model, operating system version, device memory, advertising identifiers, unique application identifiers, apps installed, unique device identifiers, browser type, language, battery level, and time zone;<\/span><\/li>\n<li style=\"font-weight: 400;\"><span style=\"font-weight: 400;\">information from device sensors, such as accelerometers, gyroscopes, compasses, microphones, and whether you have headphones connected; and<\/span><\/li>\n<li style=\"font-weight: 400;\"><span style=\"font-weight: 400;\">information about your wireless and mobile network connections, such as mobile phone number, service provider, IP address, and signal strength.<\/span><\/li>\n<\/ul>\n<\/li>\n<li style=\"font-weight: 400;\"><span style=\"font-weight: 400;\">Device Phonebook. With your permission we may collect information about your phonebook if you choose to invite your friends to Nombolo.<\/span><\/li>\n<li style=\"font-weight: 400;\"><span style=\"font-weight: 400;\">Camera and Video. Some of the uses of Nombolo requires us to collect video and other information from your device\u2019s camera. You will need to use your camera to shoot video if you want to post content on Nombolo.<\/span><\/li>\n<li style=\"font-weight: 400;\"><span style=\"font-weight: 400;\">Location Information. When you use our services, with your permission, we may collect information about your location. Including collecting information about your precise location using methods that include GPS, wireless networks, cell towers, Wi-Fi access points, and other sensors, such as gyroscopes, accelerometers, and compasses.<\/span><\/li>\n<li style=\"font-weight: 400;\"><span style=\"font-weight: 400;\">Information collected by cookies and other technologies such as web beacons, web storage, pixels, and unique advertising identifiers, to collect information about your activity, browser, and device. Typically you have the option to remove or block cookies from your web browser, but doing so may prevent some services from not working properly.<\/span><\/li>\n<li style=\"font-weight: 400;\"><span style=\"font-weight: 400;\">Information when you use our website, such as:<\/span>\n<ul>\n<li style=\"font-weight: 400;\"><span style=\"font-weight: 400;\">details about how you\u2019ve used our services;<\/span><\/li>\n<li style=\"font-weight: 400;\"><span style=\"font-weight: 400;\">device information, such as your web browser type and language;<\/span><\/li>\n<li style=\"font-weight: 400;\"><span style=\"font-weight: 400;\">access times;<\/span><\/li>\n<li style=\"font-weight: 400;\"><span style=\"font-weight: 400;\">pages viewed;<\/span><\/li>\n<li style=\"font-weight: 400;\"><span style=\"font-weight: 400;\">IP address;<\/span><\/li>\n<li style=\"font-weight: 400;\"><span style=\"font-weight: 400;\">identifiers associated with cookies or other technologies that may uniquely identify your device or browser; and<\/span><\/li>\n<li style=\"font-weight: 400;\"><span style=\"font-weight: 400;\">pages you visited before or after navigating to our website.<\/span><\/li>\n<\/ul>\n<\/li>\n<\/ul>\n<h3><b>Information We Collect from Third Parties<\/b><\/h3>\n<p><span style=\"font-weight: 400;\">We may collect information about you from other users and third parties. Here are a few examples:<\/span><\/p>\n<ul>\n<li style=\"font-weight: 400;\"><span style=\"font-weight: 400;\">We may use third party analytics tools that collect and share your information.<\/span><\/li>\n<li style=\"font-weight: 400;\"><span style=\"font-weight: 400;\">If another user uploads their contact list and your information is on that contact list, then that would become information we collect about you.\u00a0\u00a0<\/span><\/li>\n<\/ul>\n<h3><b>How We Use Information<\/b><\/h3>\n<p><span style=\"font-weight: 400;\">So how do we use your information?\u00a0 Our main objective is to provide you, the user, the best experience possible while constantly making improvements to how we work.\u00a0 This is what that looks like:<\/span><\/p>\n<ul>\n<li style=\"font-weight: 400;\"><span style=\"font-weight: 400;\">Develop, operate, improve, deliver, maintain, and protect our primary application and future offerings.<\/span><\/li>\n<li style=\"font-weight: 400;\"><span style=\"font-weight: 400;\">send you communications by email and text.\u00a0<\/span><\/li>\n<li style=\"font-weight: 400;\"><span style=\"font-weight: 400;\">monitor and analyze user behavior to better understand trends<\/span><\/li>\n<li style=\"font-weight: 400;\"><span style=\"font-weight: 400;\">Personalize the information and content we deliver to you.<\/span><\/li>\n<li style=\"font-weight: 400;\"><span style=\"font-weight: 400;\">enhance and improve the safety and security of Nombolo.<\/span><\/li>\n<li style=\"font-weight: 400;\"><span style=\"font-weight: 400;\">verify your identity, prevent fraud, and other unauthorized or illegal activity.<\/span><\/li>\n<li style=\"font-weight: 400;\"><span style=\"font-weight: 400;\">Enhance and improve user experience by utilizing information we collect from cookies and other technologies.<\/span><\/li>\n<li style=\"font-weight: 400;\"><span style=\"font-weight: 400;\">Information we collect that is needed to enforce our Terms of Service and other usage policies and comply with legal requirements.<\/span><\/li>\n<\/ul>\n<h3><b>How We Share Information<\/b><\/h3>\n<p><span style=\"font-weight: 400;\">We may share information about you in the following ways:<\/span><\/p>\n<ul>\n<li style=\"font-weight: 400;\"><span style=\"font-weight: 400;\">With other Nombolo users. We may share the following information with other Nombolo users:<\/span>\n<ul>\n<li style=\"font-weight: 400;\"><span style=\"font-weight: 400;\">information about you, such as your username and profile photo.<\/span><\/li>\n<li style=\"font-weight: 400;\"><span style=\"font-weight: 400;\">information about how you have interacted with our services. For example if you post a video that information will be available to all users on Nombolo.<\/span><\/li>\n<li style=\"font-weight: 400;\"><span style=\"font-weight: 400;\">any additional information you have directed us to share. For example, Nombolo will share your information when you connect your Nombolo account to a third-party app, and if you share information or content from Nombolo to the third-party app.<\/span><\/li>\n<li style=\"font-weight: 400;\"><span style=\"font-weight: 400;\">Content you post or submit to the Nombolo app.<\/span><\/li>\n<\/ul>\n<\/li>\n<li style=\"font-weight: 400;\"><span style=\"font-weight: 400;\">With all Nombolo users, our business partners, and the general public. We may share the following information with all Nombolo users as well as with our business partners and the general public:<\/span>\n<ul>\n<li style=\"font-weight: 400;\"><span style=\"font-weight: 400;\">public information like your name, username, and profile pictures.<\/span><\/li>\n<li style=\"font-weight: 400;\"><span style=\"font-weight: 400;\">Video submissions and any other user generated content. This content may be viewed and shared by the public at large both on and off our app, including through search results, on websites, in other apps, and in online and offline broadcasts.<\/span><\/li>\n<\/ul>\n<\/li>\n<li style=\"font-weight: 400;\"><span style=\"font-weight: 400;\">With third parties. We may share information about you with service providers who perform services on our behalf.<\/span>\n<ul>\n<li style=\"font-weight: 400;\"><span style=\"font-weight: 400;\">We may share information about you with business partners that provide services and functionality to Nombolo such as analytics and marketing.<\/span><\/li>\n<li style=\"font-weight: 400;\"><span style=\"font-weight: 400;\">We may share information about you, such as device and usage information, to help us and others prevent fraud.<\/span><\/li>\n<li style=\"font-weight: 400;\"><span style=\"font-weight: 400;\">We may share information about you for legal, safety, and security reasons. We may share information about you if we reasonably believe that disclosing the information is needed to:<\/span>\n<ul>\n<li style=\"font-weight: 400;\"><span style=\"font-weight: 400;\">comply with any valid legal process, governmental request, or applicable law, rule, or regulation.<\/span><\/li>\n<li style=\"font-weight: 400;\"><span style=\"font-weight: 400;\">investigate, remedy, or enforce potential Terms of Service violations.<\/span><\/li>\n<li style=\"font-weight: 400;\"><span style=\"font-weight: 400;\">protect the rights, property, or safety of us, our users, or others.<\/span><\/li>\n<li style=\"font-weight: 400;\"><span style=\"font-weight: 400;\">detect and resolve any fraud or security concerns.<\/span><\/li>\n<\/ul>\n<\/li>\n<li style=\"font-weight: 400;\"><span style=\"font-weight: 400;\">We may share information about you as part of a merger or acquisition. If Nombolo Inc. gets involved in a merger, asset sale, financing, liquidation or bankruptcy, or acquisition of all or some portion of our business to another company, we may share your information with that company before and after the transaction closes.<\/span><\/li>\n<\/ul>\n<\/li>\n<\/ul>\n<h3><b>How Long We Keep Your Information<\/b><\/h3>\n<p><span style=\"font-weight: 400;\">Nombolo lets you find out what is happening around you in near real time. That means that most content created and uploaded in Nombolo will automatically be deleted from our servers after being viewed and\/or no longer being of use.\u00a0<\/span><\/p>\n<p><span style=\"font-weight: 400;\">We store other information for longer periods of time. For example:<\/span><\/p>\n<ul>\n<li style=\"font-weight: 400;\"><span style=\"font-weight: 400;\">We store your basic account information\u2014like your name, phone number, and email address until you ask us to delete it.<\/span><\/li>\n<li style=\"font-weight: 400;\"><span style=\"font-weight: 400;\">We store location information for different lengths of time based on your device use and location permission settings.<\/span><\/li>\n<\/ul>\n<p><span style=\"font-weight: 400;\">If you ever decide to stop using Nombolo, you can simply delete the application from your phone and send an email to <\/span><a href=\"mailto:hello@nombolo.com\"><span style=\"font-weight: 400;\">hello@nombolo.com<\/span><\/a><span style=\"font-weight: 400;\"> asking us to delete all of your information.\u00a0<\/span><\/p>\n<p><span style=\"font-weight: 400;\">We will communicate with an email reply and will delete all information as soon as we can and as long as it complies with any legal obligations that may exist.\u00a0 For example if legal authorities issued a request stipulating that your data needed to be preserved, we may or may have to comply depending on a court order.\u00a0<\/span><\/p>\n<h3><b>Control Over Your Information<\/b><\/h3>\n<p><span style=\"font-weight: 400;\">We want you to be in control of your information, so we provide you with the following tools.<\/span><\/p>\n<ul>\n<li style=\"font-weight: 400;\"><span style=\"font-weight: 400;\">Revoking permissions. You can grant or revoke permissions anytime either through our app or your personal device.\u00a0<\/span><\/li>\n<li style=\"font-weight: 400;\"><span style=\"font-weight: 400;\">Deletion.\u00a0 You can delete Nombolo from your mobile device at any time and request your information be deleted by sending an email to hello@nombolo.com<\/span><\/li>\n<\/ul>\n<h3><b>Users in the European Union<\/b><\/h3>\n<p><span style=\"font-weight: 400;\">If you\u2019re based in the European Union, be aware that Nombolo Inc. is the controller of your personal information. Here is some additional information for your review:<\/span><\/p>\n<h3><b>Rights of Access, Deletion, Correction, and Portability<\/b><\/h3>\n<p><span style=\"font-weight: 400;\">You can access, delete, correct, and move your personal information as described in the Control Over Your Information section above.<\/span><\/p>\n<h3><b>Bases for Using Your Information<\/b><\/h3>\n<p><span style=\"font-weight: 400;\">Your country only allows us to use your personal information when certain conditions apply. These conditions are called \u201clegal bases\u201d and, at Nombolo, we typically rely on one of four:<\/span><\/p>\n<ul>\n<li style=\"font-weight: 400;\"><span style=\"font-weight: 400;\">Legitimate interest. We may use your information because we have\u2014or a third party has\u2014a legitimate interest in doing so. For example, we need to use your information to provide and improve our services, including protecting your account, delivering your video and requests, providing customer support, and helping you find the right content at the right time.\u00a0<\/span><\/li>\n<li style=\"font-weight: 400;\"><span style=\"font-weight: 400;\">Consent. An example of this would be asking you permission to share your location to help improve the functionality of Nombolo.\u00a0 You will have the right to revoke or allow device permissions.\u00a0<\/span><\/li>\n<li style=\"font-weight: 400;\"><span style=\"font-weight: 400;\">Legal obligation. We may be required to use your personal information to comply with the law, like when we respond to valid legal process or need to take action to protect our users.\u00a0<\/span><\/li>\n<\/ul>\n<p><b>Your Right to Object<\/b><\/p>\n<p><span style=\"font-weight: 400;\">You have the right to object to our use of your information.\u00a0 You will have the ability to delete data, and the application from your device.\u00a0 In addition you can contact us at hello@nombolo to request that we delete all data associated with\u00a0<\/span><\/p>\n<h3><b>California Residents<\/b><\/h3>\n<p><span style=\"font-weight: 400;\">If you\u2019re a California resident, you have certain privacy rights under California law, including the California Consumer Privacy Act of 2018 (\u201cCCPA\u201d).<\/span><\/p>\n<h3><b>Children<\/b><\/h3>\n<p><span style=\"font-weight: 400;\">Our services are not intended for\u2014and we don\u2019t direct them to\u2014anyone under 13. And that\u2019s why we do not knowingly collect personal information from anyone under 13. In addition, we may limit how we collect, use, and store some of the information of EU users between 13 and 16. In some cases, this means we will be unable to provide certain functionality to these users. If we need to rely on consent as a legal basis for processing your information and your country requires consent from a parent, we may require your parent\u2019s consent before we collect and use that information.<\/span><\/p>\n<h3><b>Revisions to the Privacy Policy<\/b><\/h3>\n<p><span style=\"font-weight: 400;\">As our services and application evolve it is certain that changes to this policy will be made.\u00a0 We will notify you of when this occurs either through email, text, or within the application itself as you log in.\u00a0<\/span><\/p>\n<p>\u00a0<\/p>","_margin":{"unit":"px","top":"160","right":"1","bottom":"1","left":"1","isLinked":false}},"elements":[],"isInner":false,"widgetType":"text-editor","elType":"widget"}],"isInner":false,"elType":"column"}],"isInner":false,"elType":"section"}],"page_settings":{"the7_document_title":"disabled","the7_document_disabled_header_style":"transparent","the7_document_disabled_header_color_scheme":"light","the7_document_disabled_header_backgraund_color":"#12404F","the7_document__background_below_slideshow":"disabled","the7_document_fancy_header_color_scheme":"light","the7_document_padding_top":{"size":"","unit":"px"},"the7_document_padding_right":{"size":"","unit":"px"},"the7_document_padding_bottom":{"size":"","unit":"px"},"the7_document_padding_left":{"size":"","unit":"px"},"the7_document_mobile_padding_top":{"size":"","unit":"px"},"the7_document_mobile_padding_right":{"size":"","unit":"px"},"the7_document_mobile_padding_bottom":{"size":"","unit":"px"},"the7_document_mobile_padding_left":{"size":"","unit":"px"},"background_background":"gradient","background_color":"#C8C8C8"}}